readPairID	Motifs(bases)	Bases in all Motifs	Possible Extended	Possible Spanning	Primers found (1=y,0=n)	F Primer Name	Forward Primer	R Primer Name	Reverse Primer	Amplicon Motifs	Number motif bases in amplicon	Primers on sep reads	Extend with primers	Spand with primers	Occurances of Forward Primer in Reads	Occurances of Reverse Primer in Reads	Occurances of Amplifiable Primer Pair in Reads	Occurances of Amplifiable Primer Pair in PALs	R1_Sequence_ID	R1_Sequence	R2_Sequence_ID	R2_Sequence
M03927:52:000000000-BFKCW:1:2116:16160:21398	AAATAC(102) 	102			1	Bluetit_02_08136	GCTGGTCCTAAAAGCTTCCC	Bluetit_02_10088	GAGAGCACAGCTGCACAGG	AAATAC(102) 	102	1			1	1	1	1	>M03927:52:000000000-BFKCW:1:2116:16160:21398 1:N:0:CGTACTAG+TATCCTCT	AAGAAGGGCTGGTCCTAAAAGCTTCCCTAATGGATGTTTGGTACTTTGCAGAGGGAAATGGTTGTGTCAAAGATGCCACAGGGGATGAGCTTTGGTTCTGTCCTTTAATCTTCCTCCTCTTCCCTTTGCCTTGAATCTGCTGCCGGCTGGCACCTGCAGGGGAGGTTCTGCCCCCCAGGCTGGAGGGGAGCAGTGTCTCAGGCAGGAAGGTGATTTTCCAATGCTCACAGCACCGGCCTGGAGTCCATCCTCTGCTCTGGGGATTAACCTCCTTGGAGCTGTCACCCTGCTCGGCCGGCC	>M03927:52:000000000-BFKCW:1:2116:16160:21398 2:N:0:CGTACTAG+TATCCTCT	GTCCCGGGAAGGCTTCAAAAACGAGAGCACAGCTGCACAGGGTACGTATTTGTATTTGTATTTGTATTTGTATTTGTATTTGTATTTGTATTTGTATTTGTATTTGTATTTGTATTTGTATTTGTATTTGTATTTGTATTTGTATTTATTTGTGTTCCTGCAGGAGCACGTTCCATGTTCTGCTTTCTTACCCTCAGGTAATCCTCAGGTCCCTGGCACCTCTCCTGAGCCCCTG
M03927:52:000000000-BFKCW:1:2109:22598:10901	AAAACC(54) 	54			1	Bluetit_02_06085	AAAAGTTGATGCTGCTCTCTGC	Bluetit_02_09481	ACAGTCCCAAATTAGCCATCC	AAAACC(54) 	54	1			1	1	1	1	>M03927:52:000000000-BFKCW:1:2109:22598:10901 1:N:0:CGTACTAG+TATCCTCT	CTAACTAGATAGGGTAGAAGTCTAAAAGTTTGTTGTTATTCCTGAGAATGGTATTGTCTGCTTTGGCCAGATGTATTTTTCTTATTCCAAATCTTAAGTGTTTATAAAGTATATGTGAAATGTGAGTTTCTCAAATTAAAGGAATTAATTAGAATACAGAAAAAGTTGATGCTGCTCTCTGCAGACACACAGGCTTAGAAGATTTACAGAAATTTCCATTTCCTGAGAAAAGTTTTAGTCTTTTTCCTTTTTTGGTTTTGGTTTTGGTTTTGGTTTTAGTTTTGGTTTTGGTTTTGGTTTT	>M03927:52:000000000-BFKCW:1:2109:22598:10901 2:N:0:CGTACTAG+TATCCTCT	ATATATTCCTGTTTCTTTTTATGTTAACAGCTCCATTTTAAACAAGTATCAACTTGTTTTCATGCTTTGTTATTTCAGACATCTTAACAGTCCCAAATTAGCCATCCACAAACAAACCAAAACCAAAACCAAAACCAAAACCAAAACCAAAACCAAAACCAAAACCAAAACTAAAACCAAAACCAAAACCAAAACCAAAAAAGGAAAAAGACTAAAAC
M03927:52:000000000-BFKCW:1:2108:22607:18591	ATCCTC(42) 	42			1	Bluetit_02_10834	CTCATGGTGTGAAGCCAGG	Bluetit_02_07930	ACCCACAACCTGTTATCTCCC	ATCCTC(42) 	42	1			1	1	1	1	>M03927:52:000000000-BFKCW:1:2108:22607:18591 1:N:0:CGTACTAG+TATCCTCT	CCTCTCATGGTGTGAAGCCAGGCTGTAACAGTGATGGCTGCTCGAGGATGAGGATGAGGATGAGGATGAGGATGAGGATGAGGATGCCTCAAGGGTAGGGCACCCTGTTCCCCAGCCTGAACTTCAGGAAGGTGGTTTTCATTCTCTGCAAGCAGTTGCTGCATGTCATCTTGGATCAAATGATTTCTCATCCAGCTGTAATGAGGGGAGAAAGGGGGGAAAGGCCTTCATCTCATGAGAAAGCTGGGTACTGGGGTGGAGAAGCAGCTGTCCCTGTGGGAGCAGACTGCATTTCTCTGGG	>M03927:52:000000000-BFKCW:1:2108:22607:18591 2:N:0:CGTACTAG+TATCCTCT	GTTTGTGGAGGGGACTGCTTTACAGTGACCCACAACCTGTTATCTCCCAGAGAAATGCAGTCTGCTCCCACAGGGACAGCTGCTTCTCCACCCCAGTACCCAGCTTTCTCATGAGATGAAGGCCTTTCCCCCCTTTCTCCCCTCATTACAGCTGGATGAGAAATCATTTGATCCAAGATGACATGCAGCAACTGCTTGCAGAGAATGAAAACCACCTTCCTGAAGTTCAGGCTGGGGAACAGGGT
M03927:52:000000000-BFKCW:1:2107:25678:18015	AATAAG(84) 	84			1	Bluetit_02_03289	TTTCAGGGTGTCACTTCAAGG	Bluetit_02_13370	CGTAGATCCTACATCACCTGGC	AATAAG(84) 	84	1			1	1	1	1	>M03927:52:000000000-BFKCW:1:2107:25678:18015 1:N:0:CGTACTAG+TATCCTCT	CTTTCAGGGTGTCACTTCAAGGGAGAAACTGTGTCCTGGTGTCCCTTGCTCTGCTACCTGGTACAGACAGACCAGGAGGATGGAGCAACTAAAAAGGTTGGGAAACTCGAGCACAGAAAAGATCTGCAGATAAGAATAAGAATAAGAATAAGAATAAGAATAAGAATAAGAATAAGAATAAGAATAAGAATAAGAATAAGAATAAGAATAAGAACAAGAATAATAATAATTTCTCTTTAATAATAAAATCTTTACTTGTTTACATGACAATGTGGCCAAAAGAGCAAAACCC	>M03927:52:000000000-BFKCW:1:2107:25678:18015 2:N:0:CGTACTAG+TATCCTCT	GCATTGGACTATGACTCTAAGTCAAAATTTTACTTTTGTCAAAGTCATAGACGTAGATCCTACATCACCTGGCAAATTTCTTTCTTTCTTTGTAATCTACACTCTGCTCTCCCAAGGAAGTAAATATTTCAGCAGGGTTTTGCTCTTTTGGCCACATTGTCATGTAA
M03927:52:000000000-BFKCW:1:2106:9349:18104	AAAAAG(60) 	60	AAAAAG 		1	Bluetit_02_04220	GGGGAAAGTATGCTGGACG	Bluetit_02_10505	AACGTCTTGAAGGGAAAGGG	AAAAAG(60) 	60	1	AAAAAG 		1	1	1	1	>M03927:52:000000000-BFKCW:1:2106:9349:18104 1:N:0:CGTACTAG+TATCCTCT	ACATTGTGTTGGGGGGAAAGTATGCTGGACGTTCTTTGATTTTTGTACCTTGCTTGAGCATTTATAGGCAT	>M03927:52:000000000-BFKCW:1:2106:9349:18104 2:N:0:CGTACTAG+TATCCTCT	CATGTGCCTTGGTACCTATTACATCACCACCTACCGCTGTCTGCTGCAGCCCTCCGGCTTAGCTGAAAGTCAAATTATCACCCCTAGATGCTTAACAGCTCTGAAACGTCTTGAAGGGAAAGGGTGAGCAGCACTGGTGCTAAACACGAGGGACAGCACAAACTTTCAAAAAGAAAAGGTCATATTTTACGTCCATCATGGAAACCTTTTTCTTTTTTTTTTCTTTTTCTTTTTCTTTTTCTTTTTCTTTTTCTTTTTCTTTTTCTTTTTCTTTTTCTTTTT
M03927:52:000000000-BFKCW:1:2106:4084:20547	AATAAG(72) 	72			1	Bluetit_02_03702	CTTGCCCTGGTGAAATGG	Bluetit_02_09082	CGTGAGCAATGGTATTGTGC	AATAAG(72) 	72	1			1	1	1	1	>M03927:52:000000000-BFKCW:1:2106:4084:20547 1:N:0:CGTACTAG+TATCCTCT	GTTCAGCTCTCCTTCTCTCCTTCCTTGCCCTGGTGAAATGGGGAGGAGACACAAAGGAAAACGTGTATATTGAGATAAGAACAGTTTAATGATTGAAAGTAAAGTGAAATACAGTGATAATGGTAAAGAATAAGAATAAGAATAAGAATAAGAATAAGAATAAGAATAAGAATAAGAATAAGAATAAGAATAAGAATAAGATGAAAAACAAGTGATGCACAATACCATTGCTCACCACCTGCTGACCGATGCCAGAGCCCCTTCCTGAACCCAGAC	>M03927:52:000000000-BFKCW:1:2106:4084:20547 2:N:0:CGTACTAG+TATCCTCT	GTCTGGGTTCAGGAAGGGGCTCTGGCATCGGTCAGCAGGTCGTGAGCAATGGTATTGTGCAT
M03927:52:000000000-BFKCW:1:2106:12076:14915	AAAAAG(126) 	126	AAAAAG 		1	Bluetit_02_04536	CATCATCCCTTAAACAACCTGC	Bluetit_02_09351	GAGTCTGCCTGTAGAGCATGG	AAAAAG(126) 	126	1	AAAAAG 		1	1	1	1	>M03927:52:000000000-BFKCW:1:2106:12076:14915 1:N:0:CGTACTAG+TATCCTCT	TAATGGAATGGTATCAATACAAATTACACTTTTATTTAAAAGAAGAAAATTAAATCAACATCATATTAAGAAACATCATACAAAGCAATAACATTAAATCTGTATTCATCATCCCTTAAACAACCTGCTGTCTATGAACTAAGTAGATAATTAAGAACTATTATTTCACTGGGTATATACTAAGCAAAGTATTTGGAACCTGCTGAGAGTTAAGCTAGCCAAACCCAGTTTCTGTAGTGATATCTCTCAGCAGCTGTCCTGAAAAGATACTTGCATTTCCTAAATAGAATGTG	>M03927:52:000000000-BFKCW:1:2106:12076:14915 2:N:0:CGTACTAG+TATCCTCT	AGCTTGTAGTGCAGGAGTCTGCCTGTAGAGCATGGAGAGGAAGCAGGCTTTCCAAAAAGATAAAAAGGTTTGATATATTTTTCTTTTTCTTTTCTTTTTCTTTTTCTTTTTCTTTTTCTTTTTCTTTTTCTTTTTCTTTTTCTTTTTCTTTTTCTTTTTCTTTTTCTTTTTCTTTTTCTTTTTCTTTTTCTTTTTCTTTTTCTTTTTCTTTTTCTTTTT
M03927:52:000000000-BFKCW:1:1115:18684:2042	AAGGAG(48) 	48			1	Bluetit_02_08002	CACTTGTCTGCTAGGGAGGGC	Bluetit_02_11126	GCTGTGAGAAACACAGATTTTGGC	AAGGAG(48) 	48	1			1	1	1	1	>M03927:52:000000000-BFKCW:1:1115:18684:2042 1:N:0:CGTACTAG+TATCCTCT	CAGTTGCCCATCTAAACCTATCCTTTCAAACTGGAGAACTCACCATTCTTCTTGCAATTTCCCAGTTTAAATTAGAACTGTGTGAACACTTGTCTGCTAGGGAGGGCAGGAGTCTCCCTTGGAATGAAAATGTAGAGCCTGTCCCTCTGAATTACTATGGTTTTGAAATGAAAGGGCTTTCAGGCAGAGATCTGGAGATAGCCAGCTGGAATTGCAGAAATGAGAAGGAGAAGGAGAAGGAGAAGGAGAAGGAGAAGGAGAAGGAGAAGGA	>M03927:52:000000000-BFKCW:1:1115:18684:2042 2:N:0:CGTACTAG+TATCCTCT	CTTATTGGGTGCTGTGAGAAACACAGATTTTGGCTGAGCCCAGGGGGGAAGGTGGGTAGGAAAAAGGGAGCAGCGGGAGGAGCTGGGGGCTGGT
M03927:52:000000000-BFKCW:1:1112:7608:19291	AGGCTC(48) 	48			1	Bluetit_02_09324	CCCCATGTCTGTTTACTCACG	Bluetit_02_00752	CCTATGTGAGGGAATGCAGG	AGGCTC(48) 	48	1			1	1	1	1	>M03927:52:000000000-BFKCW:1:1112:7608:19291 1:N:0:CGTACTAG+TATCCTCT	CTCTACCGGTGCAGGTTTGGAGCACATCCTGGCTTGCTGTTGATGCGACCACGGGCTCAGCACTCTGGGGAAAGGCCCCATGTCTGTTTACTCACGCCCTTCCCTAGGACAGGTGACAACAGCCTTTTAGCAGTGATGCACAGCAGAGCCTGAGCCTGAGCCTGAGCCTGAGCCTGAGCCTGAGCCTGAGCCTGAGCTGCCATCGGCGAGCGGCAAAGCACAGCCAAGCTCGCCATTCGAGGCACGGCCATTTTCACACCGTGTCACGCTCCCCGAGCATGGGGATATTTAAAGGCCAAA	>M03927:52:000000000-BFKCW:1:1112:7608:19291 2:N:0:CGTACTAG+TATCCTCT	TGCGCCCGCTGCCTGCGATCCGTGCCCGAGGCAGACGGCCTATGTGAGGGAATGCAGGCACTGTTTTCTTTGGCCTTTAAATATCCCCATGCTCGGGGAGCGTGACACGGTGTGAAAATGGCCGTGCCTCGAATGGCGAGCTTGGCTGTGCTTTGCCGCTCGCCGATGGCAGCTCAGGCTCAGGCTCAGGCTCAGGCTCAGGCCCAGGCTCAGGCTCAGGCTCTGCTGTGCA
